malicious_group,5 malicious clients,5 malicious clients,5 malicious clients,5 malicious clients,5 malicious clients,5 malicious clients,3 malicious clients,3 malicious clients,3 malicious clients,3 malicious clients,3 malicious clients,3 malicious clients
poisoning_ratio,100%,100%,50%,50%,10%,10%,100%,100%,50%,50%,10%,10%
,Safety,Utility,Safety,Utility,Safety,Utility,Safety,Utility,Safety,Utility,Safety,Utility
method,,,,,,,,,,,,
FedAvg,0.548789,0.452061,0.579957,0.46513,0.48426,0.472087,0.60121,0.455091,0.563645,0.466545,0.524893,0.470358
Median,0.564907,0.450272,0.488318,0.469388,0.595874,0.482449,0.493062,0.4429,0.504527,0.461686,0.5476,0.474952
Krum,0.529991,0.36658,0.497382,0.448793,0.349916,0.478661,0.456115,0.482815,0.439887,0.490982,0.456899,0.477059
DnC,0.615604,0.447572,0.566465,0.455932,0.555114,0.460292,0.974688,0.42502,0.583547,0.466087,0.521514,0.476959
FoolsGold,0.975507,0.433565,0.541681,0.407549,0.66015,0.463211,0.988229,0.396452,0.604119,0.420565,0.622714,0.469627
FLAME,0.588226,0.401169,0.54649,0.421683,0.589924,0.45113,0.599598,0.398558,0.575392,0.430679,0.560082,0.444246
LASA,0.593005,0.417865,0.575751,0.47044,0.655525,0.483247,0.543689,0.472738,0.484754,0.48597,0.474572,0.486371
FedAvg + OneShotPatch,0.484249,0.461611,0.527626,0.466677,0.628739,0.47439,0.569527,0.465708,0.590434,0.467857,0.64624,0.470824
FedAvg + SafeLoRA 0.35,0.544602,0.452297,0.568009,0.467042,0.485956,0.469647,0.60116,0.457956,0.574794,0.465762,0.520011,0.472946
FedAvg + SafeDeltas 0.1,0.985655,0.323127,0.9882,0.33037,0.985655,0.339492,0.987337,0.323758,0.989048,0.331599,0.986503,0.338537
FedAvg + PostFinetuning,0.764244,0.395217,0.761803,0.375231,0.746196,0.390661,0.762419,0.388553,0.759145,0.386615,0.745925,0.390183
safefedllm,0.912531,0.465659,0.587768,0.464601,0.634836,0.479863,0.963825,0.470707,0.927872,0.471598,0.569764,0.478146
Ours (dot product),,,,,0.967962,0.454938,,,0.974703,0.471405,,
Ours,0.969644,0.466201,0.972188,0.459683,0.942172,0.464411,0.973855,0.473185,0.96881,0.468436,0.960388,0.469212
