run_id,run_name,method,model,malicious_group,poisoning_ratio,advbench,directharm,expguard,medQA,pubmedqa,emrqa,cord19,Safety,Utility
1yk25ugb,rural-planet-101,Median,meta-llama/Llama-2-7b-chat-hf,3 malicious clients,50%,0.9115384615384616,0.3425,0.2595419847328244,0.394,0.634,0.4184530075576538,0.4002896280790444,0.504526815423762,0.46168565890917457
e46w4zqm,misunderstood-music-101,FLAME,meta-llama/Llama-2-7b-chat-hf,3 malicious clients,50%,0.9423076923076924,0.42,0.3638676844783715,0.392,0.6,0.34029278741483615,0.3904242880754684,0.5753917922620213,0.4306792688725762
ikqum8iw,ethereal-bee-122,Krum,meta-llama/Llama-2-7b-chat-hf,3 malicious clients,50%,0.7923076923076923,0.25,0.27735368956743,0.436,0.656,0.46285335892819,0.4090750076576174,0.43988712729170737,0.4909820916464519
mc4oy60w,rare-wildflower-101,Ours,meta-llama/Llama-2-7b-chat-hf,3 malicious clients,50%,1.0,0.9675,0.9389312977099236,0.428,0.652,0.3735208829280176,0.4202228884508255,0.9688104325699746,0.4684359428447108
omvqpc4j,zesty-pine-127,FedAvg,meta-llama/Llama-2-7b-chat-hf,3 malicious clients,50%,0.9807692307692308,0.415,0.2951653944020356,0.422,0.658,0.37062086703043456,0.41555890490914726,0.5636448750570888,0.46654494298489546
omvqpc4j,zesty-pine-127,FedAvg + OneShotPatch,meta-llama/Llama-2-7b-chat-hf,3 malicious clients,50%,0.7673076923076924,0.49,0.5139949109414759,0.416,0.654,0.3885079888189845,0.41292138992722366,0.5904342010830561,0.46785734468655205
omvqpc4j,zesty-pine-127,FedAvg + PostFinetuning,meta-llama/Llama-2-7b-chat-hf,3 malicious clients,50%,0.9788461538461538,0.665,0.6335877862595419,0.308,0.568,0.27223179794902713,0.39822851722435193,0.7591446467018986,0.3866150787933448
omvqpc4j,zesty-pine-127,FedAvg + SafeDeltas 0.1,meta-llama/Llama-2-7b-chat-hf,3 malicious clients,50%,1.0,0.9875,0.979643765903308,0.2,0.592,0.21943116011721817,0.3149656327646593,0.9890479219677694,0.33159919822046935
omvqpc4j,zesty-pine-127,FedAvg + SafeDeltas 0.2,meta-llama/Llama-2-7b-chat-hf,3 malicious clients,50%,1.0,0.9875,0.9770992366412212,0.202,0.602,0.2286353062246341,0.34605099286804036,0.9881997455470737,0.3446715747731686
omvqpc4j,zesty-pine-127,FedAvg + SafeDeltas 0.4,meta-llama/Llama-2-7b-chat-hf,3 malicious clients,50%,1.0,0.9875,0.9720101781170484,0.196,0.596,0.22958391197087952,0.3500981227790798,0.9865033927056829,0.34292050868748986
omvqpc4j,zesty-pine-127,FedAvg + SafeLoRA 0.2,meta-llama/Llama-2-7b-chat-hf,3 malicious clients,50%,0.9807692307692308,0.4175,0.29770992366412213,0.422,0.666,0.3701464575193997,0.4131268580299389,0.5653263848111176,0.4678183288873347
omvqpc4j,zesty-pine-127,FedAvg + SafeLoRA 0.15,meta-llama/Llama-2-7b-chat-hf,3 malicious clients,50%,0.9788461538461538,0.4175,0.2926208651399491,0.422,0.666,0.3698627107030301,0.4131268580299389,0.562989006328701,0.4677473921832423
omvqpc4j,zesty-pine-127,FedAvg + SafeLoRA 0.25,meta-llama/Llama-2-7b-chat-hf,3 malicious clients,50%,0.9788461538461538,0.4175,0.29770992366412213,0.422,0.666,0.37121986475666335,0.4131268580299389,0.564685359170092,0.4680866806966506
omvqpc4j,zesty-pine-127,FedAvg + SafeLoRA 0.35,meta-llama/Llama-2-7b-chat-hf,3 malicious clients,50%,0.9865384615384616,0.4325,0.3053435114503817,0.42,0.66,0.3708284220301282,0.41221917233988736,0.5747939909962811,0.4657618985925039
udzqvqyo,lunar-river-102,DnC,meta-llama/Llama-2-7b-chat-hf,3 malicious clients,50%,0.9673076923076924,0.45,0.3333333333333333,0.424,0.652,0.3854779823971853,0.4028694665373387,0.5835470085470086,0.466086862233631
zvyknaui,apricot-frost-101,FoolsGold,meta-llama/Llama-2-7b-chat-hf,3 malicious clients,50%,0.9769230769230768,0.525,0.3104325699745547,0.404,0.55,0.3434214151792069,0.38483944256560104,0.6041185489658772,0.420565214436202
9ijafafb,leafy-donkey-139,Median,meta-llama/Llama-2-7b-chat-hf,5 malicious clients,50%,0.8057692307692308,0.42,0.23918575063613232,0.408,0.644,0.41820717485294306,0.40734660044144194,0.488318327135121,0.46938844382359624
epfu4de6,resilient-shadow-138,Ours,meta-llama/Llama-2-7b-chat-hf,5 malicious clients,50%,1.0,0.97,0.9465648854961832,0.426,0.634,0.3595952161302231,0.4191349488990593,0.9721882951653944,0.4596825412573206
kfvou508,clean-pond-138,FLAME,meta-llama/Llama-2-7b-chat-hf,5 malicious clients,50%,0.9596153846153846,0.4025,0.27735368956743,0.388,0.632,0.27312675412311627,0.3936054608891721,0.5464896913942715,0.42168305375307213
lek4jqce,zesty-yogurt-137,LASA,meta-llama/Llama-2-7b-chat-hf,5 malicious clients,50%,0.8692307692307693,0.5425,0.3155216284987277,0.402,0.66,0.4173384577972502,0.402422126007387,0.5757507992431656,0.4704401459511593
pvhmvgxi,zany-firebrand-141,FedAvg,meta-llama/Llama-2-7b-chat-hf,5 malicious clients,50%,0.9846153846153848,0.455,0.30025445292620867,0.42,0.662,0.3632232564687461,0.41529848672976494,0.5799566125138645,0.46513043579962776
pvhmvgxi,zany-firebrand-141,FedAvg + OneShotPatch,meta-llama/Llama-2-7b-chat-hf,5 malicious clients,50%,0.7461538461538462,0.4525,0.3842239185750636,0.418,0.656,0.3780516810478835,0.414655493325183,0.5276259215763033,0.46667679359326664
pvhmvgxi,zany-firebrand-141,FedAvg + PostFinetuning,meta-llama/Llama-2-7b-chat-hf,5 malicious clients,50%,0.9692307692307692,0.6775,0.638676844783715,0.304,0.56,0.23794220462946783,0.3989820988730475,0.761802538004828,0.37523107587562887
pvhmvgxi,zany-firebrand-141,FedAvg + SafeDeltas 0.1,meta-llama/Llama-2-7b-chat-hf,5 malicious clients,50%,1.0,0.9875,0.9770992366412212,0.21,0.582,0.2194979108362059,0.3099838085285047,0.9881997455470737,0.33037042984117765
pvhmvgxi,zany-firebrand-141,FedAvg + SafeDeltas 0.2,meta-llama/Llama-2-7b-chat-hf,5 malicious clients,50%,1.0,0.9875,0.9694656488549618,0.2,0.604,0.22797032040735643,0.3461655126687553,0.9856552162849873,0.34453395826902794
pvhmvgxi,zany-firebrand-141,FedAvg + SafeDeltas 0.4,meta-llama/Llama-2-7b-chat-hf,5 malicious clients,50%,1.0,0.9875,0.9745547073791349,0.204,0.606,0.2297108089325776,0.34885749431928975,0.9873515691263783,0.3471420758129668
pvhmvgxi,zany-firebrand-141,FedAvg + SafeLoRA 0.2,meta-llama/Llama-2-7b-chat-hf,5 malicious clients,50%,0.9846153846153848,0.4575,0.3104325699745547,0.422,0.666,0.36243315242317287,0.4140007184377454,0.5841826515299798,0.4661084677152296
pvhmvgxi,zany-firebrand-141,FedAvg + SafeLoRA 0.15,meta-llama/Llama-2-7b-chat-hf,5 malicious clients,50%,0.9846153846153848,0.4575,0.31297709923664124,0.422,0.666,0.365021897323654,0.4140007184377454,0.5850308279506753,0.4667556539403499
pvhmvgxi,zany-firebrand-141,FedAvg + SafeLoRA 0.25,meta-llama/Llama-2-7b-chat-hf,5 malicious clients,50%,0.9865384615384616,0.4575,0.31297709923664124,0.422,0.666,0.36310044081227255,0.4140007184377454,0.5856718535917009,0.46627528981250455
pvhmvgxi,zany-firebrand-141,FedAvg + SafeLoRA 0.35,meta-llama/Llama-2-7b-chat-hf,5 malicious clients,50%,0.9865384615384616,0.4325,0.28498727735368956,0.418,0.67,0.3693989124308979,0.41076805206051215,0.568008579630717,0.4670417411228525
qea5vh5g,smooth-waterfall-142,Krum,meta-llama/Llama-2-7b-chat-hf,5 malicious clients,50%,0.8326923076923077,0.405,0.2544529262086514,0.426,0.656,0.3345733900028721,0.3785971050872843,0.49738174463365303,0.44879262377253915
2r48o151,glorious-universe-182,FedAvg,meta-llama/Llama-2-7b-chat-hf,3 malicious clients,10%,0.9769230769230768,0.2975,0.30025445292620867,0.408,0.658,0.39591916079864187,0.4195117579640478,0.5248925099497619,0.47035772969067247
2r48o151,glorious-universe-182,FedAvg + OneShotPatch,meta-llama/Llama-2-7b-chat-hf,3 malicious clients,10%,0.8480769230769231,0.4825,0.6081424936386769,0.402,0.65,0.4138559472500796,0.4174408713886669,0.6462398055718667,0.47082420465968666
2r48o151,glorious-universe-182,FedAvg + PostFinetuning,meta-llama/Llama-2-7b-chat-hf,3 malicious clients,10%,0.9692307692307692,0.6375,0.6310432569974554,0.334,0.574,0.2516919913539405,0.4010419552192771,0.7459246754094081,0.3901834866433044
2r48o151,glorious-universe-182,FedAvg + SafeDeltas 0.1,meta-llama/Llama-2-7b-chat-hf,3 malicious clients,10%,1.0,0.9875,0.9720101781170484,0.18,0.608,0.2276001012044806,0.33854860049440366,0.9865033927056829,0.33853717542472106
2r48o151,glorious-universe-182,FedAvg + SafeDeltas 0.2,meta-llama/Llama-2-7b-chat-hf,3 malicious clients,10%,1.0,0.985,0.9694656488549618,0.198,0.612,0.23488102220582352,0.36475506315225115,0.9848218829516538,0.3524090213395187
2r48o151,glorious-universe-182,FedAvg + SafeDeltas 0.4,meta-llama/Llama-2-7b-chat-hf,3 malicious clients,10%,1.0,0.985,0.9720101781170484,0.204,0.612,0.2340452798873282,0.3642925225267021,0.9856700593723494,0.3535844506035075
2r48o151,glorious-universe-182,FedAvg + SafeLoRA 0.2,meta-llama/Llama-2-7b-chat-hf,3 malicious clients,10%,0.975,0.2975,0.2875318066157761,0.412,0.662,0.3978549345388185,0.4193954130586338,0.5200106022052587,0.4728125868993631
2r48o151,glorious-universe-182,FedAvg + SafeLoRA 0.15,meta-llama/Llama-2-7b-chat-hf,3 malicious clients,10%,0.9769230769230768,0.2975,0.2875318066157761,0.412,0.662,0.3974329552441239,0.4193954130586338,0.5206516278462844,0.4727070920756894
2r48o151,glorious-universe-182,FedAvg + SafeLoRA 0.25,meta-llama/Llama-2-7b-chat-hf,3 malicious clients,10%,0.9769230769230768,0.2975,0.2951653944020356,0.412,0.662,0.3964933661593074,0.4193954130586338,0.5231961571083709,0.4724721948044853
2r48o151,glorious-universe-182,FedAvg + SafeLoRA 0.35,meta-llama/Llama-2-7b-chat-hf,3 malicious clients,10%,0.975,0.2975,0.2875318066157761,0.412,0.662,0.39838668247861136,0.4193954130586338,0.5200106022052587,0.4729455238843113
36iwlgbr,daily-terrain-178,Median,meta-llama/Llama-2-7b-chat-hf,3 malicious clients,100%,0.875,0.365,0.23918575063613232,0.41,0.598,0.3627703662257703,0.40083092423095706,0.49306191687871076,0.4429003226141819
52i7tvk4,genial-dawn-176,FedAvg,meta-llama/Llama-2-7b-chat-hf,5 malicious clients,100%,0.948076923076923,0.3675,0.33078880407124683,0.418,0.65,0.3297789626727577,0.41046470441967686,0.5487885757160565,0.45206091677310867
52i7tvk4,genial-dawn-176,FedAvg + OneShotPatch,meta-llama/Llama-2-7b-chat-hf,5 malicious clients,100%,0.573076923076923,0.47,0.4096692111959287,0.404,0.668,0.36668193515754977,0.4077622087121835,0.48424871142428394,0.46161103596743336
52i7tvk4,genial-dawn-176,FedAvg + PostFinetuning,meta-llama/Llama-2-7b-chat-hf,5 malicious clients,100%,0.971153846153846,0.66,0.6615776081424937,0.354,0.58,0.24716744634272547,0.3997006930326306,0.7642438180987798,0.39521703484383897
52i7tvk4,genial-dawn-176,FedAvg + SafeDeltas 0.1,meta-llama/Llama-2-7b-chat-hf,5 malicious clients,100%,1.0,0.9875,0.9694656488549618,0.208,0.57,0.2171028144786886,0.2974032172953717,0.9856552162849873,0.32312650794351505
52i7tvk4,genial-dawn-176,FedAvg + SafeDeltas 0.2,meta-llama/Llama-2-7b-chat-hf,5 malicious clients,100%,1.0,0.9875,0.9745547073791349,0.2,0.614,0.22728839415312144,0.3371763710464478,0.9873515691263783,0.3446161912998923
52i7tvk4,genial-dawn-176,FedAvg + SafeDeltas 0.4,meta-llama/Llama-2-7b-chat-hf,5 malicious clients,100%,1.0,0.9875,0.9745547073791349,0.204,0.602,0.2278812007418215,0.3409059567133507,0.9873515691263783,0.34369678936379305
52i7tvk4,genial-dawn-176,FedAvg + SafeLoRA 0.2,meta-llama/Llama-2-7b-chat-hf,5 malicious clients,100%,0.95,0.3675,0.33078880407124683,0.42,0.65,0.3322741673520332,0.4104004495287123,0.5494296013570822,0.45316865422018643
52i7tvk4,genial-dawn-176,FedAvg + SafeLoRA 0.15,meta-llama/Llama-2-7b-chat-hf,5 malicious clients,100%,0.95,0.3675,0.33078880407124683,0.42,0.65,0.3303097364606743,0.4104004495287123,0.5494296013570822,0.45267754649734665
52i7tvk4,genial-dawn-176,FedAvg + SafeLoRA 0.25,meta-llama/Llama-2-7b-chat-hf,5 malicious clients,100%,0.95,0.3675,0.3256997455470738,0.42,0.65,0.3312116358166244,0.4104004495287123,0.5477332485156913,0.4529030213363342
52i7tvk4,genial-dawn-176,FedAvg + SafeLoRA 0.35,meta-llama/Llama-2-7b-chat-hf,5 malicious clients,100%,0.9634615384615384,0.365,0.3053435114503817,0.412,0.656,0.333397964183498,0.4077886735313133,0.5446016833039734,0.4522966594287029
67dea0oj,devout-valley-174,DnC,meta-llama/Llama-2-7b-chat-hf,5 malicious clients,10%,0.9230769230769232,0.47,0.272264631043257,0.42,0.694,0.34754417629807266,0.3796245682658214,0.5551138513733934,0.4602921861409735
91psulq2,celestial-lake-167,Krum,meta-llama/Llama-2-7b-chat-hf,3 malicious clients,100%,0.8538461538461538,0.2575,0.25699745547073793,0.432,0.644,0.4535107319484357,0.4017483269782126,0.4561145364389639,0.48281476473166207
agl44e5m,fallen-haze-176,FoolsGold,meta-llama/Llama-2-7b-chat-hf,5 malicious clients,10%,0.9846153846153848,0.6625,0.3333333333333333,0.392,0.682,0.37946686949903113,0.3993764151073749,0.6601495726495726,0.4632108211516015
as8fs9k2,bumbling-cloud-174,Ours,meta-llama/Llama-2-7b-chat-hf,3 malicious clients,10%,1.0,0.9575,0.9236641221374046,0.426,0.652,0.38165514428241915,0.4171911981112329,0.9603880407124682,0.46921158559841303
bg4i8b2y,wandering-universe-176,LASA,meta-llama/Llama-2-7b-chat-hf,3 malicious clients,10%,0.8384615384615385,0.285,0.30025445292620867,0.394,0.7,0.4425781803192302,0.4089057030276903,0.474571997129249,0.4863709708367301
bx0zwk61,eager-durian-166,Krum,meta-llama/Llama-2-7b-chat-hf,5 malicious clients,100%,0.8923076923076924,0.4025,0.2951653944020356,0.418,0.434,0.25244021998842253,0.3618788215137641,0.5299910289032427,0.3665797603755466
c0r4hwg2,dry-eon-176,FoolsGold,meta-llama/Llama-2-7b-chat-hf,5 malicious clients,100%,1.0,0.9825,0.9440203562340967,0.406,0.596,0.33734653572455453,0.394913109103488,0.9755067854113655,0.4335649112070106
cw2yz45p,polar-snow-175,Median,meta-llama/Llama-2-7b-chat-hf,5 malicious clients,10%,0.975,0.52,0.2926208651399491,0.408,0.704,0.4054803553203398,0.4123158867503952,0.5958736217133164,0.48244906051768377
dzokn1wa,likely-serenity-187,DnC,meta-llama/Llama-2-7b-chat-hf,5 malicious clients,100%,0.975,0.4825,0.3893129770992366,0.424,0.614,0.3423553124288948,0.40993226498114754,0.6156043256997455,0.44757189435251055
e6e0eobs,comic-energy-169,FoolsGold,meta-llama/Llama-2-7b-chat-hf,3 malicious clients,100%,1.0,0.9825,0.9821882951653944,0.414,0.472,0.30826531528215884,0.3915416846139156,0.988229431721798,0.39645174997401855
f7ga9y60,curious-bush-166,DnC,meta-llama/Llama-2-7b-chat-hf,3 malicious clients,10%,0.975,0.33,0.2595419847328244,0.418,0.688,0.39729189420832817,0.4045435270077628,0.5215139949109414,0.4769588553040227
gnfy99rn,blooming-night-171,Krum,meta-llama/Llama-2-7b-chat-hf,5 malicious clients,10%,0.6884615384615385,0.145,0.21628498727735368,0.426,0.694,0.4004789747253761,0.3941661363899787,0.3499155085796308,0.47866127777883866
hnjjvidw,azure-blaze-183,Median,meta-llama/Llama-2-7b-chat-hf,3 malicious clients,10%,0.9519230769230768,0.355,0.33587786259541985,0.408,0.676,0.4110908830470881,0.4047165790711695,0.5476003131728322,0.4749518655295644
i4ynjjjd,lyric-eon-187,FoolsGold,meta-llama/Llama-2-7b-chat-hf,3 malicious clients,10%,0.9923076923076924,0.5425,0.3333333333333333,0.412,0.652,0.41671601911288986,0.3977911636636947,0.6227136752136752,0.4696267956941461
jrp1heb6,genial-sun-167,FLAME,meta-llama/Llama-2-7b-chat-hf,3 malicious clients,100%,0.9576923076923076,0.4925,0.3486005089058524,0.39,0.538,0.2837420848117872,0.3824912471431378,0.59959760553272,0.3985583329887313
k3ql81em,prime-mountain-188,LASA,meta-llama/Llama-2-7b-chat-hf,3 malicious clients,100%,0.928846153846154,0.4325,0.2697201017811705,0.384,0.69,0.4126958797499997,0.4042575910509613,0.5436887518757748,0.47273836770024025
lntc25gh,chocolate-glade-194,FLAME,meta-llama/Llama-2-7b-chat-hf,5 malicious clients,10%,0.8807692307692307,0.5175,0.37150127226463103,0.398,0.66,0.35196401805694244,0.39455481445500257,0.5899235010112873,0.4511297081279863
ny93xvao,wild-sky-188,LASA,meta-llama/Llama-2-7b-chat-hf,5 malicious clients,10%,0.9903846153846154,0.6225,0.35368956743002544,0.406,0.716,0.39937709808415145,0.41161211551811544,0.6555247276048802,0.48324730340056665
oauzvj6g,laced-morning-176,FLAME,meta-llama/Llama-2-7b-chat-hf,5 malicious clients,100%,0.928846153846154,0.5025,0.3333333333333333,0.396,0.614,0.20568666134580005,0.38899115301837567,0.5882264957264958,0.40116945359104395
r03jhf0q,different-snowflake-179,Ours,meta-llama/Llama-2-7b-chat-hf,5 malicious clients,10%,0.9961538461538462,0.9525,0.8778625954198473,0.42,0.65,0.37264827250307286,0.414997120780581,0.9421721471912313,0.46441134832091346
rhe56psm,wise-cosmos-176,Median,meta-llama/Llama-2-7b-chat-hf,5 malicious clients,100%,0.9519230769230768,0.44,0.30279898218829515,0.404,0.632,0.3579136545114854,0.40717491355537166,0.5649073530371239,0.4502721420167143
saah6p41,trim-rain-166,FedAvg,meta-llama/Llama-2-7b-chat-hf,3 malicious clients,100%,0.9673076923076924,0.475,0.361323155216285,0.426,0.662,0.32321200539944284,0.409152916822661,0.6012102825079925,0.455091230555526
saah6p41,trim-rain-166,FedAvg + OneShotPatch,meta-llama/Llama-2-7b-chat-hf,3 malicious clients,100%,0.6423076923076924,0.565,0.5012722646310432,0.406,0.66,0.3861908389719152,0.4106421512930437,0.5695266523129118,0.46570824756623974
saah6p41,trim-rain-166,FedAvg + PostFinetuning,meta-llama/Llama-2-7b-chat-hf,3 malicious clients,100%,0.9788461538461538,0.685,0.6234096692111959,0.336,0.566,0.25455898573786195,0.39765340842550506,0.7624186076857833,0.38855309854084175
saah6p41,trim-rain-166,FedAvg + SafeDeltas 0.1,meta-llama/Llama-2-7b-chat-hf,3 malicious clients,100%,1.0,0.99,0.9720101781170484,0.208,0.574,0.21723270058393251,0.295800650443567,0.9873367260390161,0.32375833775687485
saah6p41,trim-rain-166,FedAvg + SafeDeltas 0.2,meta-llama/Llama-2-7b-chat-hf,3 malicious clients,100%,1.0,0.9875,0.9745547073791349,0.216,0.608,0.22463157433269407,0.33697717974634117,0.9873515691263783,0.3464021885197588
saah6p41,trim-rain-166,FedAvg + SafeDeltas 0.4,meta-llama/Llama-2-7b-chat-hf,3 malicious clients,100%,1.0,0.9875,0.9770992366412212,0.212,0.602,0.22775688835285984,0.3420102070871871,0.9881997455470737,0.34594177386001174
saah6p41,trim-rain-166,FedAvg + SafeLoRA 0.2,meta-llama/Llama-2-7b-chat-hf,3 malicious clients,100%,0.9653846153846154,0.4725,0.35368956743002544,0.426,0.656,0.32231587940453305,0.41097809950718533,0.597191394271547,0.4538234947279296
saah6p41,trim-rain-166,FedAvg + SafeLoRA 0.15,meta-llama/Llama-2-7b-chat-hf,3 malicious clients,100%,0.9673076923076924,0.4725,0.35368956743002544,0.426,0.656,0.32155327364140085,0.41097809950718533,0.5978324199125726,0.4536328432871466
saah6p41,trim-rain-166,FedAvg + SafeLoRA 0.25,meta-llama/Llama-2-7b-chat-hf,3 malicious clients,100%,0.9653846153846154,0.4725,0.35368956743002544,0.426,0.656,0.32248017586955613,0.41097809950718533,0.597191394271547,0.45386456884418536
saah6p41,trim-rain-166,FedAvg + SafeLoRA 0.35,meta-llama/Llama-2-7b-chat-hf,3 malicious clients,100%,0.9826923076923076,0.49,0.33078880407124683,0.412,0.67,0.33751668653424677,0.41230642111541305,0.6011603705878514,0.45795577691241496
siwj4rpe,sweet-lake-166,LASA,meta-llama/Llama-2-7b-chat-hf,5 malicious clients,100%,0.9576923076923076,0.46,0.361323155216285,0.408,0.616,0.2677562068626024,0.3797035023814879,0.5930051543028642,0.4178649273110226
ufo7wqm0,proud-fog-169,Krum,meta-llama/Llama-2-7b-chat-hf,3 malicious clients,10%,0.8480769230769231,0.23,0.2926208651399491,0.414,0.684,0.40060617844188073,0.4096310963259244,0.4568992627389574,0.47705931869195134
ux33wyvr,gentle-brook-178,DnC,meta-llama/Llama-2-7b-chat-hf,3 malicious clients,100%,1.0,0.9775,0.9465648854961832,0.412,0.516,0.3747647094724618,0.3973152634076104,0.9746882951653945,0.42501999322001804
vmejr49q,polar-puddle-174,Ours,meta-llama/Llama-2-7b-chat-hf,3 malicious clients,100%,1.0,0.975,0.9465648854961832,0.426,0.662,0.3844597516334326,0.4202799680854053,0.973854961832061,0.47318492992970945
wemd6wt8,light-capybara-180,Ours,meta-llama/Llama-2-7b-chat-hf,5 malicious clients,100%,1.0,0.97,0.9389312977099236,0.428,0.646,0.3701359400575947,0.4206698275424784,0.9696437659033078,0.46620144190001833
xbltm70s,logical-spaceship-179,FedAvg,meta-llama/Llama-2-7b-chat-hf,5 malicious clients,10%,0.9615384615384616,0.2775,0.21374045801526717,0.408,0.684,0.3795942555881525,0.416751925503023,0.4842596398512429,0.47208654527279387
xbltm70s,logical-spaceship-179,FedAvg + OneShotPatch,meta-llama/Llama-2-7b-chat-hf,5 malicious clients,10%,0.8211538461538461,0.49,0.5750636132315522,0.396,0.658,0.42241764903239726,0.4211403571253474,0.6287391531284662,0.47438950153943615
xbltm70s,logical-spaceship-179,FedAvg + PostFinetuning,meta-llama/Llama-2-7b-chat-hf,5 malicious clients,10%,0.975,0.63,0.6335877862595419,0.324,0.568,0.26616926236966987,0.404475656420122,0.7461959287531806,0.39066122969744793
xbltm70s,logical-spaceship-179,FedAvg + SafeDeltas 0.1,meta-llama/Llama-2-7b-chat-hf,5 malicious clients,10%,1.0,0.9875,0.9694656488549618,0.196,0.596,0.2272076925789952,0.33876134009516246,0.9856552162849873,0.33949225816853945
xbltm70s,logical-spaceship-179,FedAvg + SafeDeltas 0.2,meta-llama/Llama-2-7b-chat-hf,5 malicious clients,10%,1.0,0.985,0.9821882951653944,0.214,0.604,0.23585278343669136,0.359307975641483,0.9890627650551315,0.35329018976954357
xbltm70s,logical-spaceship-179,FedAvg + SafeDeltas 0.4,meta-llama/Llama-2-7b-chat-hf,5 malicious clients,10%,1.0,0.985,0.979643765903308,0.222,0.606,0.23445969035340247,0.3606896264749235,0.988214588634436,0.3557873292070815
xbltm70s,logical-spaceship-179,FedAvg + SafeLoRA 0.2,meta-llama/Llama-2-7b-chat-hf,5 malicious clients,10%,0.9615384615384616,0.2775,0.21374045801526717,0.402,0.678,0.3801521618825603,0.4173856142914142,0.4842596398512429,0.46938444404349366
xbltm70s,logical-spaceship-179,FedAvg + SafeLoRA 0.15,meta-llama/Llama-2-7b-chat-hf,5 malicious clients,10%,0.9615384615384616,0.2775,0.21882951653944024,0.402,0.678,0.3796279498979459,0.4173856142914142,0.48595599269263395,0.46925339104734
xbltm70s,logical-spaceship-179,FedAvg + SafeLoRA 0.25,meta-llama/Llama-2-7b-chat-hf,5 malicious clients,10%,0.9634615384615384,0.2775,0.21628498727735368,0.402,0.678,0.3814762243525458,0.4173856142914142,0.485748841912964,0.46971545966099004
xbltm70s,logical-spaceship-179,FedAvg + SafeLoRA 0.35,meta-llama/Llama-2-7b-chat-hf,5 malicious clients,10%,0.9615384615384616,0.2775,0.21882951653944024,0.402,0.678,0.3812019274465081,0.4173856142914142,0.48595599269263395,0.46964688543448063
xk6u5d89,smooth-violet-185,FLAME,meta-llama/Llama-2-7b-chat-hf,3 malicious clients,10%,0.823076923076923,0.4475,0.4096692111959287,0.4,0.612,0.37657047817104705,0.38841459742506707,0.5600820447576172,0.4442462688990285
tase8dr7,golden-wave-200,LASA,meta-llama/Llama-2-7b-chat-hf,3 malicious clients,50%,0.8923076923076924,0.3075,0.2544529262086514,0.39,0.674,0.47643442603191577,0.40344734638650104,0.4847535395054479,0.48597044310460424
yjo8f42a,happy-voice-367,DnC,meta-llama/Llama-2-7b-chat-hf,5 malicious clients,50%,0.9942307692307693,0.41,0.2951653944020356,0.428,0.62,0.3641636254108091,0.4115645580885998,0.5664653878776016,0.45593204587485225
ku273f80,wise-butterfly-368,FoolsGold,meta-llama/Llama-2-7b-chat-hf,5 malicious clients,50%,0.9307692307692308,0.45,0.2442748091603053,0.392,0.562,0.2900965936043737,0.3860993746933448,0.5416813466431787,0.40754899207442963
3h6qwsfs,dandy-cosmos-445,safefedllm,meta-llama/Llama-2-7b-chat-hf,5 malicious clients,50%,0.9826923076923076,0.46,0.32061068702290074,0.44,0.644,0.3548857937890255,0.4195165566502718,0.5877676649050695,0.46460058760982437
avg30x3l,olive-resonance-447,safefedllm,meta-llama/Llama-2-7b-chat-hf,3 malicious clients,100%,0.9980769230769232,0.985,0.9083969465648856,0.42,0.638,0.4174257076140563,0.4074040579853111,0.9638246232139362,0.47070744139984183
fhwjoj97,glorious-donkey-446,safefedllm,meta-llama/Llama-2-7b-chat-hf,5 malicious clients,10%,0.9846153846153848,0.4975,0.4223918575063613,0.422,0.68,0.40104870023854833,0.4164018146024472,0.6348357473739153,0.4798626287102489
gv0sat9i,floral-thunder-449,safefedllm,meta-llama/Llama-2-7b-chat-hf,3 malicious clients,10%,0.9865384615384616,0.4225,0.30025445292620867,0.418,0.67,0.4102321361673473,0.41435259156317034,0.5697643048215567,0.4781461819326294
q71wkj85,floral-water-446,safefedllm,meta-llama/Llama-2-7b-chat-hf,3 malicious clients,50%,0.9961538461538462,0.9325,0.8549618320610687,0.414,0.63,0.43630147868073105,0.4060889622525715,0.9278718927383051,0.4715976102333257
vjc283q4,stellar-resonance-450,safefedllm,meta-llama/Llama-2-7b-chat-hf,5 malicious clients,100%,0.9980769230769232,0.91,0.8295165394402035,0.422,0.644,0.377754225482804,0.4188827251378964,0.9125311541723756,0.46565923765517514
6rxq0gxh,breezy-sound-530,Ours (dot product),meta-llama/Llama-2-7b-chat-hf,3 malicious clients,50%,1.0,0.975,0.9491094147582696,0.428,0.654,0.3807575905543701,0.4228605284251548,0.9747031382527566,0.47140452974488123
1zd8yjd3,upbeat-firebrand-534,Ours (dot product),meta-llama/Llama-2-7b-chat-hf,5 malicious clients,10%,1.0,0.9675,0.9363867684478372,0.416,0.642,0.34842803650822557,0.4133226137736978,0.9679622561492791,0.45493766257048085
3va2es9h,clear-blaze-535,Ours (dot product),meta-llama/Llama-2-7b-chat-hf,5 malicious clients,50%,,,,,,,,,
kxs1b1ls,fanciful-bird-536,Ours (dot product),meta-llama/Llama-2-7b-chat-hf,5 malicious clients,100%,,,,,,,,,
0vzrc3ee,feasible-field-575,Ours (dot product),meta-llama/Llama-2-7b-chat-hf,3 malicious clients,10%,,,,,,,,,
44cg8vzp,polished-feather-576,Ours (dot product),meta-llama/Llama-2-7b-chat-hf,3 malicious clients,100%,,,,,,,,,
